USE Paresh;

CREATE TABLE DEPOSIT
(
	ACTNO INT,
	CNAME VARCHAR(50),
	BNAME VARCHAR(50),
	AMOUNT DECIMAL(8,2),
	ADATE DATETIME
);

CREATE TABLE BRANCH
(
	BNAME VARCHAR(50),
	CITY VARCHAR(50)
);

CREATE TABLE CUSTOMERS
(
	CNAME VARCHAR(50),
	CITY VARCHAR(50)
);

CREATE TABLE BORROW
(
	LOANNO INT,
	CNAME VARCHAR(50),
	BNAME VARCHAR(50),
	AMOUNT DECIMAL(8,2)
);

--DEPOSIT

INSERT INTO DEPOSIT (ACTNO,CNAME,BNAME,AMOUNT,ADATE) VALUES
(101,'ANIL','VRCE',1000.00,'01-MAR-95');

INSERT INTO DEPOSIT (ACTNO,CNAME,BNAME,AMOUNT,ADATE) VALUES
(102,'SUNIL','AJNI',5000.00,'04-JAN-96');

INSERT INTO DEPOSIT (ACTNO,CNAME,BNAME,AMOUNT,ADATE) VALUES
(103,'MEHUL','KAROLBAGH',3500.00,'17-NOV-95');

INSERT INTO DEPOSIT (ACTNO,CNAME,BNAME,AMOUNT,ADATE) VALUES
(104,'MADHURI','CHANDI',1200.00,'17-DEC-95');

INSERT INTO DEPOSIT (ACTNO,CNAME,BNAME,AMOUNT,ADATE) VALUES
(105,'PRMOD','M.G.ROAD',3000.00,'27-MAR-96');

INSERT INTO DEPOSIT (ACTNO,CNAME,BNAME,AMOUNT,ADATE) VALUES
(106,'SANDIP','ANDHERI',2000.00,'31-MAR-96');

INSERT INTO DEPOSIT (ACTNO,CNAME,BNAME,AMOUNT,ADATE) VALUES
(107,'SHIVANI','VIRAR',1000.00,'5-SEP-95');

INSERT INTO DEPOSIT (ACTNO,CNAME,BNAME,AMOUNT,ADATE) VALUES
(108,'KRANTI','NEHRU PLACE',5000.00,'2-JUL-95');

INSERT INTO DEPOSIT (ACTNO,CNAME,BNAME,AMOUNT,ADATE) VALUES
(109,'MINU','POWAI',7000.00,'10-AUG-95');

SELECT * FROM DEPOSIT;

/*TRUNCATE TABLE DEPOSIT;*/

--BRANCH

INSERT INTO BRANCH (BNAME,CITY) VALUES
('VRCE','NAGPUR');

INSERT INTO BRANCH (BNAME,CITY) VALUES
('AJNI','NAGPUR');

INSERT INTO BRANCH (BNAME,CITY) VALUES
('KAROLBAGH','DELHI');

INSERT INTO BRANCH (BNAME,CITY) VALUES
('CHANDI','DELHI');

INSERT INTO BRANCH (BNAME,CITY) VALUES
('DHARAMPETH','NAGPUR');

INSERT INTO BRANCH (BNAME,CITY) VALUES
('M.G.ROAD','BANGLORE');

INSERT INTO BRANCH (BNAME,CITY) VALUES
('ANDHERI','BOMBAY');

INSERT INTO BRANCH (BNAME,CITY) VALUES
('VIRAR','BOMBAY');

INSERT INTO BRANCH (BNAME,CITY) VALUES
('NEHRU PLACE','DELHI');

INSERT INTO BRANCH (BNAME,CITY) VALUES
('POWAI','BOMBAI');

SELECT * FROM BRANCH;

--CUSTOMERS

INSERT INTO CUSTOMERS (CNAME,CITY) VALUES
('ANIL','CALCUTTA');

INSERT INTO CUSTOMERS (CNAME,CITY) VALUES
('SUNIL','DELHI');

INSERT INTO CUSTOMERS (CNAME,CITY) VALUES
('MEHUL','BARODA');

INSERT INTO CUSTOMERS (CNAME,CITY) VALUES
('MANDAR','PATNA');

INSERT INTO CUSTOMERS (CNAME,CITY) VALUES
('MADHURI','NAGPUR');

INSERT INTO CUSTOMERS (CNAME,CITY) VALUES
('PRAMOD','NAGPUR');

INSERT INTO CUSTOMERS (CNAME,CITY) VALUES
('SANDIP','SURAT');

INSERT INTO CUSTOMERS (CNAME,CITY) VALUES
('SHIVANI','BOMBAY');

INSERT INTO CUSTOMERS (CNAME,CITY) VALUES
('KRANTI','BOMBAY');

INSERT INTO CUSTOMERS (CNAME,CITY) VALUES
('NAREN','BOMBAY');

SELECT * FROM CUSTOMERS;

INSERT INTO BORROW (LOANNO,CNAME,BNAME,AMOUNT) VALUES
(201,'ANIL','VRCE',1000.00);

INSERT INTO BORROW (LOANNO,CNAME,BNAME,AMOUNT) VALUES
(206,'MEHUL','AJNI',5000.00);

INSERT INTO BORROW (LOANNO,CNAME,BNAME,AMOUNT) VALUES
(311,'SUNIL','DHARAMPETH',3000.00);

INSERT INTO BORROW (LOANNO,CNAME,BNAME,AMOUNT) VALUES
(321,'MADHURI','ANDHERI',2000.00);

INSERT INTO BORROW (LOANNO,CNAME,BNAME,AMOUNT) VALUES
(375,'PRMOD','VIRAR',8000.00);

INSERT INTO BORROW (LOANNO,CNAME,BNAME,AMOUNT) VALUES
(481,'KRANTI','NEHRU PLACE',3000.00);

SELECT * FROM BORROW;



--PART - A
--QUERY

SELECT * FROM DEPOSIT;
SELECT * FROM BORROW;
SELECT * FROM CUSTOMERS;
SELECT ACTNO,CNAME,AMOUNT FROM DEPOSIT;
SELECT LOANNO,AMOUNT FROM BORROW;


--query no :6
--SELECT * FROM BORROW where BNAME='ANDHERI'; 

--QUE:7
--SELECT * FROM DEPOSIT WHERE ACTNO=105;

--que:8
select CNAME from BORROW WHERE AMOUNT < 5000;

--que:9
select CNAME from DEPOSIT WHERE ADATE < '12-01-1996';

--que:10
select CNAME from DEPOSIT where ACTNO < 105;


--PART - B
--que-1
select * from CUSTOMERS where city='NAGPUR' or city='DELHI';

--que-2
select CNAME,BNAME from DEPOSIT where AMOUNT > 4000 and ACTNO < 105;

--que-3
select CNAME from BORROW where AMOUNT >=3000 and AMOUNT <=8000;
select CNAME from BORROW where AMOUNT BETWEEN 3000 and 8000;

--que-4
select * from DEPOSIT where BNAME!='ANDHERI';

--que-5
select ACTNO,CNAME,AMOUNT from DEPOSIT where bname in('AJNI','KAROLBAGH','M.G.ROAD') and ACTNO < 104;
select ACTNO,CNAME,AMOUNT from DEPOSIT where bname = 'AJNI'or bname = 'KAROLBAGH' or bname = 'M.G.ROAD' and ACTNO < 104;

--que-6
select top 5* from CUSTOMERS;

--que-7
select top 3* from DEPOSIT where amount>1000;

--que-8
select top 5 loanno,cname from BORROW where bname!='ANDHERI';

--que-9
select distinct city from CUSTOMERS;

--que-10
select distinct bname from BRANCH;

--que-11
select * from CUSTOMERS order by city;

--que-12
select * from DEPOSIT order by amount desc;



--PART - C
--que-1
select * from DEPOSIT where amount >=3000 and amount <=5000;
update DEPOSIT set amount=5500 where actno=102;
update DEPOSIT set amount=3600 where actno=103;
update DEPOSIT set amount=3000 where actno=105;
update DEPOSIT set amount=5600 where actno=108;
