USE BANK_INFO;

CREATE TABLE DEPOSIT
(
	ACTNO INT,
	CNAME VARCHAR(50),
	BNAME VARCHAR(50),
	AMOUNT DECIMAL(8,2),
	ADATE DATETIME
);

CREATE TABLE BRANCH
(
	BNAME VARCHAR(50),
	CITY VARCHAR(50)
);

CREATE TABLE CUSTOMERS
(
	CNAME VARCHAR(50),
	CITY VARCHAR(50)
);

CREATE TABLE BORROW
(
	LOANNO INT,
	CNAME VARCHAR(50),
	BNAME VARCHAR(50),
	AMOUNT DECIMAL(8,2)
);

--DEPOSIT

INSERT INTO DEPOSIT (ACTNO,CNAME,BNAME,AMOUNT,ADATE) VALUES
(101,'ANIL','VRCE',1000.00,'01-MAR-95');

INSERT INTO DEPOSIT (ACTNO,CNAME,BNAME,AMOUNT,ADATE) VALUES
(102,'SUNIL','AJNI',5000.00,'04-JAN-96');

INSERT INTO DEPOSIT (ACTNO,CNAME,BNAME,AMOUNT,ADATE) VALUES
(103,'MEHUL','KAROLBAGH',3500.00,'17-NOV-95');

INSERT INTO DEPOSIT (ACTNO,CNAME,BNAME,AMOUNT,ADATE) VALUES
(104,'MADHURI','CHANDI',1200.00,'17-DEC-95');

INSERT INTO DEPOSIT (ACTNO,CNAME,BNAME,AMOUNT,ADATE) VALUES
(105,'PRMOD','M.G.ROAD',3000.00,'27-MAR-96');

INSERT INTO DEPOSIT (ACTNO,CNAME,BNAME,AMOUNT,ADATE) VALUES
(106,'SANDIP','ANDHERI',2000.00,'31-MAR-96');

INSERT INTO DEPOSIT (ACTNO,CNAME,BNAME,AMOUNT,ADATE) VALUES
(107,'SHIVANI','VIRAR',1000.00,'5-SEP-95');

INSERT INTO DEPOSIT (ACTNO,CNAME,BNAME,AMOUNT,ADATE) VALUES
(108,'KRANTI','NEHRU PLACE',5000.00,'2-JUL-95');

INSERT INTO DEPOSIT (ACTNO,CNAME,BNAME,AMOUNT,ADATE) VALUES
(109,'MINU','POWAI',7000.00,'10-AUG-95');

SELECT * FROM DEPOSIT;

/*TRUNCATE TABLE DEPOSIT;*/

--BRANCH

INSERT INTO BRANCH (BNAME,CITY) VALUES
('VRCE','NAGPUR');

INSERT INTO BRANCH (BNAME,CITY) VALUES
('AJNI','NAGPUR');

INSERT INTO BRANCH (BNAME,CITY) VALUES
('KAROLBAGH','DELHI');

INSERT INTO BRANCH (BNAME,CITY) VALUES
('CHANDI','DELHI');

INSERT INTO BRANCH (BNAME,CITY) VALUES
('DHARAMPETH','NAGPUR');

INSERT INTO BRANCH (BNAME,CITY) VALUES
('M.G.ROAD','BANGLORE');

INSERT INTO BRANCH (BNAME,CITY) VALUES
('ANDHERI','BOMBAY');

INSERT INTO BRANCH (BNAME,CITY) VALUES
('VIRAR','BOMBAY');

INSERT INTO BRANCH (BNAME,CITY) VALUES
('NEHRU PLACE','DELHI');

INSERT INTO BRANCH (BNAME,CITY) VALUES
('POWAI','BOMBAI');

SELECT * FROM BRANCH;

--CUSTOMERS

INSERT INTO CUSTOMERS (CNAME,CITY) VALUES
('ANIL','CALCUTTA');

INSERT INTO CUSTOMERS (CNAME,CITY) VALUES
('SUNIL','DELHI');

INSERT INTO CUSTOMERS (CNAME,CITY) VALUES
('MEHUL','BARODA');

INSERT INTO CUSTOMERS (CNAME,CITY) VALUES
('MANDAR','PATNA');

INSERT INTO CUSTOMERS (CNAME,CITY) VALUES
('MADHURI','NAGPUR');

INSERT INTO CUSTOMERS (CNAME,CITY) VALUES
('PRAMOD','NAGPUR');

INSERT INTO CUSTOMERS (CNAME,CITY) VALUES
('SANDIP','SURAT');

INSERT INTO CUSTOMERS (CNAME,CITY) VALUES
('SHIVANI','BOMBAY');

INSERT INTO CUSTOMERS (CNAME,CITY) VALUES
('KRANTI','BOMBAY');

INSERT INTO CUSTOMERS (CNAME,CITY) VALUES
('NAREN','BOMBAY');

SELECT * FROM CUSTOMERS;

INSERT INTO BORROW (LOANNO,CNAME,BNAME,AMOUNT) VALUES
(201,'ANIL','VRCE',1000.00);

INSERT INTO BORROW (LOANNO,CNAME,BNAME,AMOUNT) VALUES
(206,'MEHUL','AJNI',5000.00);

INSERT INTO BORROW (LOANNO,CNAME,BNAME,AMOUNT) VALUES
(311,'SUNIL','DHARAMPETH',3000.00);

INSERT INTO BORROW (LOANNO,CNAME,BNAME,AMOUNT) VALUES
(321,'MADHURI','ANDHERI',2000.00);

INSERT INTO BORROW (LOANNO,CNAME,BNAME,AMOUNT) VALUES
(375,'PRMOD','VIRAR',8000.00);

INSERT INTO BORROW (LOANNO,CNAME,BNAME,AMOUNT) VALUES
(481,'KRANTI','NEHRU PLACE',3000.00);

SELECT * FROM BORROW;

--QUERY

SELECT * FROM DEPOSIT;
SELECT * FROM BORROW;
SELECT * FROM CUSTOMERS;
SELECT ACTNO,CNAME,AMOUNT FROM DEPOSIT;
SELECT LOANNO,AMOUNT FROM BORROW;